Algorithm,Number of Nodes,Numbers of Edges,Computation Time,Path Found,Minimal Weight
Kruskal's Algorithm (without queue),9,17,0.000139152000000,"[('B', 'C', 6), ('A', 'B', 7), ('D', 'E', 10), ('C', 'D', 11), ('D', 'F', 13), ('E', 'I', 15), ('F', 'H', 16), ('G', 'H', 20)]",98
Kruskal's Algorithm (without queue),4,6,0.000045434999997,"[(0, 3, 50), (1, 3, 284), (1, 2, 753)]",1087
Prim's Algorithm (without queue),4,6,0.000026317000000,"[(0, 3, 50), (3, 1, 284), (1, 2, 753)]",1087
Kruskal's Algorithm (without queue),8,28,0.000105362999999,"[(0, 6, 15), (4, 7, 85), (0, 1, 93), (1, 7, 98), (2, 6, 125), (3, 5, 198), (1, 5, 291)]",905
Prim's Algorithm (without queue),8,28,0.000060568000002,"[(0, 6, 15), (0, 1, 93), (1, 7, 98), (7, 4, 85), (6, 2, 125), (1, 5, 291), (5, 3, 198)]",905
Kruskal's Algorithm (without queue),16,120,0.000497598000003,"[(4, 5, 24), (3, 6, 25), (4, 9, 42), (2, 9, 43), (1, 8, 44), (6, 12, 48), (1, 13, 62), (2, 15, 70), (6, 11, 75), (2, 3, 82), (7, 13, 92), (0, 3, 99), (5, 14, 99), (7, 10, 105), (3, 13, 117)]",1027
Prim's Algorithm (without queue),16,120,0.000230219999999,"[(0, 3, 99), (3, 6, 25), (6, 12, 48), (6, 11, 75), (3, 2, 82), (2, 9, 43), (9, 4, 42), (4, 5, 24), (2, 15, 70), (5, 14, 99), (3, 13, 117), (13, 1, 62), (1, 8, 44), (13, 7, 92), (7, 10, 105)]",1027
Kruskal's Algorithm (without queue),32,496,0.001137793999998,"[(0, 11, 1), (3, 29, 1), (12, 27, 4), (1, 12, 6), (13, 19, 6), (12, 22, 7), (2, 25, 8), (11, 30, 8), (6, 23, 9), (18, 22, 12), (5, 13, 14), (15, 21, 16), (1, 29, 17), (5, 14, 22), (15, 17, 23), (3, 16, 27), (4, 24, 27), (1, 9, 29), (10, 27, 33), (7, 22, 35), (11, 20, 36), (16, 30, 36), (5, 9, 46), (15, 26, 47), (8, 12, 51), (15, 16, 51), (16, 24, 51), (15, 28, 52), (17, 25, 68), (22, 23, 69), (23, 31, 94)]",906
Prim's Algorithm (without queue),32,496,0.002150867000001,"[(0, 11, 1), (11, 30, 8), (11, 20, 36), (30, 16, 36), (16, 3, 27), (3, 29, 1), (29, 1, 17), (1, 12, 6), (12, 27, 4), (12, 22, 7), (22, 18, 12), (1, 9, 29), (27, 10, 33), (22, 7, 35), (12, 5, 46), (5, 13, 14), (13, 19, 6), (5, 14, 22), (16, 15, 51), (15, 21, 16), (15, 17, 23), (15, 26, 47), (16, 24, 51), (24, 4, 27), (12, 8, 51), (15, 28, 52), (17, 25, 68), (25, 2, 8), (22, 23, 69), (23, 6, 9), (23, 31, 94)]",906
Kruskal's Algorithm (without queue),64,2016,0.004832159999999,"[(9, 39, 2), (42, 47, 2), (17, 47, 3), (8, 17, 6), (2, 36, 7), (51, 61, 8), (8, 14, 9), (21, 36, 9), (34, 52, 9), (37, 48, 10), (40, 54, 11), (42, 51, 11), (45, 52, 11), (5, 53, 12), (33, 39, 12), (13, 60, 13), (46, 62, 13), (15, 43, 14), (12, 52, 15), (14, 30, 16), (20, 55, 16), (22, 39, 17), (6, 36, 19), (11, 35, 19), (13, 31, 19), (9, 63, 20), (9, 41, 21), (16, 17, 21), (43, 44, 21), (4, 41, 22), (26, 47, 22), (6, 39, 23), (56, 62, 23), (10, 53, 24), (32, 36, 25), (41, 44, 25), (51, 60, 25), (13, 53, 26), (18, 23, 26), (28, 57, 26), (12, 16, 27), (50, 52, 27), (25, 42, 28), (23, 57, 29), (30, 57, 29), (33, 59, 29), (0, 18, 32), (0, 58, 32), (7, 29, 33), (28, 55, 34), (39, 42, 34), (2, 56, 36), (7, 55, 37), (48, 61, 39), (19, 55, 40), (27, 30, 40), (35, 63, 40), (3, 27, 44), (49, 60, 45), (13, 40, 48), (24, 63, 54), (1, 42, 62), (38, 56, 66)]",1518
Prim's Algorithm (without queue),64,2016,0.009526093000002,"[(0, 18, 32), (18, 23, 26), (23, 57, 29), (57, 28, 26), (57, 30, 29), (30, 14, 16), (14, 8, 9), (8, 17, 6), (17, 47, 3), (47, 42, 2), (42, 51, 11), (51, 61, 8), (17, 16, 21), (47, 26, 22), (51, 60, 25), (60, 13, 13), (13, 31, 19), (13, 53, 26), (53, 5, 12), (53, 10, 24), (16, 12, 27), (12, 52, 15), (52, 34, 9), (52, 45, 11), (52, 50, 27), (42, 25, 28), (0, 58, 32), (28, 55, 34), (55, 20, 16), (42, 39, 34), (39, 9, 2), (39, 33, 12), (39, 22, 17), (9, 63, 20), (9, 41, 21), (41, 4, 22), (39, 6, 23), (6, 36, 19), (36, 2, 7), (36, 21, 9), (41, 44, 25), (44, 43, 21), (43, 15, 14), (36, 32, 25), (33, 59, 29), (2, 56, 36), (56, 62, 23), (62, 46, 13), (55, 7, 37), (7, 29, 33), (61, 48, 39), (48, 37, 10), (30, 27, 40), (55, 19, 40), (63, 35, 40), (35, 11, 19), (27, 3, 44), (60, 49, 45), (13, 40, 48), (40, 54, 11), (63, 24, 54), (42, 1, 62), (56, 38, 66)]",1518
Kruskal's Algorithm (without queue),128,8128,0.016328804000000,"[(0, 36, 1), (1, 66, 1), (2, 94, 1), (12, 41, 1), (13, 93, 1), (19, 76, 1), (21, 53, 1), (25, 123, 1), (28, 67, 1), (43, 95, 1), (46, 48, 1), (58, 79, 1), (59, 115, 1), (66, 80, 1), (75, 123, 1), (83, 108, 1), (91, 107, 1), (98, 116, 1), (6, 37, 2), (7, 35, 2), (7, 65, 2), (13, 34, 2), (13, 117, 2), (31, 72, 2), (71, 102, 2), (73, 122, 2), (89, 97, 2), (91, 100, 2), (121, 125, 2), (1, 57, 3), (5, 12, 3), (10, 47, 3), (13, 21, 3), (21, 47, 3), (25, 100, 3), (26, 35, 3), (35, 60, 3), (38, 50, 3), (44, 78, 3), (57, 108, 3), (68, 112, 3), (70, 98, 3), (111, 115, 3), (3, 83, 4), (10, 19, 4), (10, 91, 4), (14, 35, 4), (25, 104, 4), (40, 126, 4), (43, 94, 4), (52, 117, 4), (64, 69, 4), (67, 112, 4), (68, 70, 4), (91, 109, 4), (2, 10, 5), (12, 39, 5), (37, 58, 5), (77, 92, 5), (28, 38, 6), (38, 99, 6), (86, 100, 6), (113, 119, 6), (0, 47, 7), (11, 125, 7), (16, 107, 7), (22, 112, 7), (28, 37, 7), (30, 40, 7), (32, 96, 7), (47, 127, 7), (49, 86, 7), (73, 90, 7), (79, 108, 7), (3, 44, 8), (5, 61, 8), (6, 86, 8), (43, 90, 8), (49, 56, 8), (58, 110, 8), (62, 85, 8), (64, 65, 8), (69, 102, 8), (71, 80, 8), (21, 88, 9), (27, 96, 9), (93, 126, 9), (4, 17, 10), (11, 61, 10), (16, 23, 10), (21, 87, 10), (30, 101, 10), (40, 120, 10), (58, 111, 10), (5, 16, 11), (57, 63, 11), (72, 94, 11), (8, 109, 12), (15, 16, 12), (32, 76, 12), (48, 102, 12), (50, 113, 12), (4, 85, 13), (9, 81, 13), (17, 71, 13), (24, 122, 13), (58, 77, 13), (5, 9, 15), (29, 109, 15), (54, 65, 15), (34, 82, 16), (61, 74, 16), (35, 51, 17), (65, 84, 17), (60, 89, 19), (40, 114, 20), (45, 104, 20), (46, 105, 20), (69, 124, 22), (34, 42, 23), (20, 66, 25), (21, 118, 25), (2, 55, 26), (106, 107, 27), (39, 103, 32), (18, 21, 54), (28, 33, 55)]",1065
Prim's Algorithm (without queue),128,8128,0.068951842000001,"[(0, 36, 1), (0, 47, 7), (47, 10, 3), (47, 21, 3), (21, 53, 1), (21, 13, 3), (13, 93, 1), (13, 34, 2), (13, 117, 2), (10, 19, 4), (19, 76, 1), (10, 91, 4), (91, 107, 1), (91, 100, 2), (100, 25, 3), (25, 123, 1), (123, 75, 1), (117, 52, 4), (91, 109, 4), (25, 104, 4), (10, 2, 5), (2, 94, 1), (94, 43, 4), (43, 95, 1), (100, 86, 6), (47, 127, 7), (107, 16, 7), (86, 49, 7), (43, 90, 8), (90, 73, 7), (73, 122, 2), (86, 6, 8), (6, 37, 2), (37, 58, 5), (58, 79, 1), (37, 28, 7), (28, 67, 1), (67, 112, 4), (112, 68, 3), (68, 70, 4), (70, 98, 3), (98, 116, 1), (28, 38, 6), (38, 50, 3), (68, 99, 6), (79, 108, 7), (108, 83, 1), (108, 57, 3), (57, 1, 3), (1, 66, 1), (66, 80, 1), (83, 3, 4), (112, 22, 7), (49, 56, 8), (58, 110, 8), (80, 71, 8), (71, 102, 2), (3, 44, 8), (44, 78, 3), (102, 69, 8), (69, 64, 4), (64, 65, 8), (65, 7, 2), (7, 35, 2), (35, 26, 3), (35, 60, 3), (35, 14, 4), (21, 88, 9), (93, 126, 9), (126, 40, 4), (40, 30, 7), (21, 87, 10), (16, 23, 10), (58, 111, 10), (111, 115, 3), (115, 59, 1), (40, 120, 10), (30, 101, 10), (94, 72, 11), (72, 31, 2), (16, 5, 11), (5, 12, 3), (12, 41, 1), (12, 39, 5), (5, 61, 8), (61, 11, 10), (11, 125, 7), (125, 121, 2), (57, 63, 11), (76, 32, 12), (32, 96, 7), (96, 27, 9), (109, 8, 12), (16, 15, 12), (50, 113, 12), (113, 119, 6), (102, 48, 12), (48, 46, 1), (122, 24, 13), (58, 77, 13), (77, 92, 5), (71, 17, 13), (17, 4, 10), (4, 85, 13), (85, 62, 8), (109, 29, 15), (73, 9, 15), (9, 81, 13), (65, 54, 15), (34, 82, 16), (61, 74, 16), (65, 84, 17), (35, 51, 17), (60, 89, 19), (89, 97, 2), (104, 45, 20), (40, 114, 20), (46, 105, 20), (69, 124, 22), (34, 42, 23), (21, 118, 25), (66, 20, 25), (2, 55, 26), (107, 106, 27), (39, 103, 32), (21, 18, 54), (28, 33, 55)]",1065
Kruskal's Algorithm (without queue),256,32640,0.087691075000002,"[(9, 199, 1), (11, 231, 1), (13, 249, 1), (16, 59, 1), (16, 125, 1), (28, 130, 1), (38, 50, 1), (42, 78, 1), (42, 156, 1), (44, 82, 1), (44, 232, 1), (48, 226, 1), (55, 115, 1), (65, 198, 1), (81, 113, 1), (100, 249, 1), (101, 190, 1), (103, 132, 1), (131, 213, 1), (132, 189, 1), (133, 227, 1), (142, 154, 1), (142, 164, 1), (144, 241, 1), (151, 200, 1), (153, 183, 1), (216, 221, 1), (217, 231, 1), (225, 255, 1), (2, 185, 2), (4, 19, 2), (7, 88, 2), (7, 139, 2), (17, 116, 2), (25, 137, 2), (26, 127, 2), (27, 119, 2), (35, 192, 2), (38, 204, 2), (39, 254, 2), (45, 178, 2), (52, 128, 2), (54, 138, 2), (55, 173, 2), (57, 162, 2), (63, 130, 2), (65, 131, 2), (71, 87, 2), (91, 94, 2), (96, 186, 2), (103, 150, 2), (105, 132, 2), (116, 173, 2), (116, 183, 2), (120, 240, 2), (143, 194, 2), (153, 245, 2), (172, 217, 2), (179, 214, 2), (193, 244, 2), (198, 207, 2), (235, 240, 2), (240, 251, 2), (9, 182, 3), (16, 194, 3), (19, 169, 3), (25, 141, 3), (32, 88, 3), (50, 126, 3), (56, 81, 3), (60, 185, 3), (63, 116, 3), (64, 185, 3), (75, 208, 3), (94, 100, 3), (97, 134, 3), (106, 125, 3), (108, 124, 3), (114, 205, 3), (120, 132, 3), (124, 166, 3), (129, 202, 3), (130, 208, 3), (130, 230, 3), (135, 153, 3), (143, 231, 3), (149, 162, 3), (155, 176, 3), (155, 213, 3), (160, 167, 3), (203, 213, 3), (207, 226, 3), (242, 243, 3), (0, 162, 4), (5, 107, 4), (5, 111, 4), (9, 172, 4), (21, 222, 4), (23, 30, 4), (23, 92, 4), (25, 145, 4), (26, 74, 4), (29, 120, 4), (30, 56, 4), (42, 68, 4), (42, 182, 4), (47, 57, 4), (47, 155, 4), (47, 169, 4), (57, 166, 4), (63, 180, 4), (65, 183, 4), (67, 199, 4), (73, 209, 4), (82, 96, 4), (82, 185, 4), (103, 112, 4), (105, 117, 4), (105, 195, 4), (106, 215, 4), (142, 183, 4), (146, 222, 4), (164, 234, 4), (184, 246, 4), (192, 255, 4), (215, 252, 4), (230, 235, 4), (244, 254, 4), (2, 97, 5), (3, 44, 5), (4, 214, 5), (11, 48, 5), (14, 254, 5), (18, 213, 5), (21, 73, 5), (24, 45, 5), (25, 143, 5), (32, 55, 5), (32, 158, 5), (35, 248, 5), (36, 57, 5), (38, 81, 5), (49, 143, 5), (49, 151, 5), (53, 186, 5), (53, 237, 5), (56, 118, 5), (74, 247, 5), (77, 144, 5), (84, 145, 5), (90, 114, 5), (92, 222, 5), (96, 115, 5), (106, 201, 5), (115, 191, 5), (116, 210, 5), (118, 210, 5), (122, 139, 5), (127, 131, 5), (140, 155, 5), (171, 229, 5), (190, 243, 5), (250, 254, 5), (3, 211, 6), (8, 38, 6), (31, 131, 6), (34, 146, 6), (64, 71, 6), (79, 173, 6), (84, 236, 6), (90, 235, 6), (104, 250, 6), (105, 178, 6), (117, 202, 6), (132, 136, 6), (140, 170, 6), (141, 224, 6), (160, 200, 6), (168, 220, 6), (171, 207, 6), (217, 218, 6), (226, 242, 6), (0, 216, 7), (1, 176, 7), (11, 255, 7), (20, 126, 7), (27, 196, 7), (29, 227, 7), (39, 91, 7), (46, 75, 7), (58, 234, 7), (69, 125, 7), (80, 118, 7), (83, 225, 7), (94, 133, 7), (109, 226, 7), (128, 209, 7), (181, 207, 7), (228, 237, 7), (236, 246, 7), (6, 165, 8), (10, 184, 8), (23, 212, 8), (40, 247, 8), (41, 75, 8), (51, 107, 8), (58, 95, 8), (61, 64, 8), (82, 99, 8), (86, 224, 8), (144, 209, 8), (187, 190, 8), (2, 174, 9), (15, 48, 9), (93, 185, 9), (95, 163, 9), (105, 152, 9), (111, 162, 9), (115, 223, 9), (131, 220, 9), (147, 197, 9), (13, 43, 10), (16, 72, 10), (73, 76, 10), (80, 102, 10), (89, 221, 10), (110, 116, 10), (124, 177, 10), (165, 248, 10), (170, 238, 10), (183, 196, 10), (12, 149, 11), (103, 123, 11), (135, 175, 11), (161, 172, 11), (33, 159, 12), (48, 148, 12), (75, 253, 12), (85, 148, 12), (136, 157, 12), (197, 218, 12), (206, 223, 12), (62, 239, 13), (94, 188, 13), (185, 233, 13), (3, 66, 14), (37, 67, 14), (57, 121, 14), (22, 126, 15), (33, 244, 15), (70, 107, 15), (98, 221, 15), (153, 219, 15), (48, 62, 16), (138, 245, 20)]",1339
Prim's Algorithm (without queue),256,32640,0.659188184999998,"[(0, 162, 4), (162, 57, 2), (162, 149, 3), (57, 47, 4), (57, 166, 4), (166, 124, 3), (124, 108, 3), (47, 155, 4), (155, 176, 3), (155, 213, 3), (213, 131, 1), (213, 198, 2), (198, 65, 1), (198, 207, 2), (213, 203, 3), (207, 226, 3), (226, 48, 1), (47, 169, 4), (169, 19, 3), (19, 4, 2), (198, 153, 4), (153, 183, 1), (153, 245, 2), (183, 116, 2), (116, 17, 2), (116, 173, 2), (173, 55, 2), (55, 115, 1), (153, 135, 3), (116, 63, 3), (63, 130, 2), (130, 28, 1), (130, 208, 3), (130, 230, 3), (208, 75, 3), (183, 142, 4), (142, 154, 1), (142, 164, 1), (63, 180, 4), (230, 235, 4), (235, 240, 2), (240, 120, 2), (240, 251, 2), (120, 132, 3), (132, 103, 1), (132, 189, 1), (132, 105, 2), (103, 150, 2), (164, 234, 4), (120, 29, 4), (103, 112, 4), (105, 117, 4), (105, 195, 4), (57, 36, 5), (155, 140, 5), (213, 18, 5), (131, 127, 5), (127, 26, 2), (26, 74, 4), (65, 252, 5), (252, 215, 4), (215, 106, 4), (106, 125, 3), (125, 16, 1), (16, 59, 1), (16, 194, 3), (194, 143, 2), (143, 231, 3), (231, 11, 1), (231, 217, 1), (217, 172, 2), (172, 9, 4), (9, 199, 1), (9, 182, 3), (199, 67, 4), (182, 42, 4), (42, 78, 1), (42, 156, 1), (42, 68, 4), (4, 214, 5), (214, 179, 2), (116, 210, 5), (173, 84, 5), (55, 32, 5), (32, 88, 3), (88, 7, 2), (7, 139, 2), (115, 96, 5), (96, 186, 2), (96, 82, 4), (82, 44, 1), (44, 232, 1), (82, 185, 4), (185, 2, 2), (185, 60, 3), (185, 64, 3), (115, 191, 5), (74, 247, 5), (106, 201, 5), (143, 25, 5), (25, 137, 2), (25, 141, 3), (25, 145, 4), (143, 49, 5), (210, 118, 5), (32, 158, 5), (139, 122, 5), (186, 53, 5), (44, 3, 5), (2, 97, 5), (97, 134, 3), (49, 151, 5), (151, 200, 1), (118, 56, 5), (56, 81, 3), (81, 113, 1), (56, 30, 4), (30, 23, 4), (23, 92, 4), (53, 237, 5), (81, 38, 5), (38, 50, 1), (38, 204, 2), (50, 126, 3), (92, 222, 5), (222, 21, 4), (222, 146, 4), (21, 73, 5), (73, 209, 4), (155, 129, 6), (129, 202, 3), (131, 31, 6), (207, 171, 6), (171, 229, 5), (226, 242, 6), (242, 243, 3), (243, 190, 5), (190, 101, 1), (173, 79, 6), (230, 224, 6), (235, 90, 6), (90, 114, 5), (114, 205, 3), (132, 136, 6), (105, 178, 6), (178, 45, 2), (45, 24, 5), (140, 170, 6), (217, 218, 6), (84, 236, 6), (64, 71, 6), (71, 87, 2), (3, 211, 6), (200, 160, 6), (160, 167, 3), (38, 8, 6), (146, 34, 6), (0, 216, 7), (216, 221, 1), (176, 1, 7), (207, 181, 7), (226, 109, 7), (230, 35, 7), (35, 192, 2), (192, 255, 4), (255, 225, 1), (35, 248, 5), (75, 46, 7), (234, 58, 7), (29, 227, 7), (227, 133, 1), (125, 69, 7), (118, 80, 7), (237, 228, 7), (126, 20, 7), (209, 128, 7), (128, 52, 2), (236, 246, 7), (246, 184, 4), (225, 83, 7), (133, 94, 7), (94, 91, 2), (94, 100, 3), (100, 249, 1), (249, 13, 1), (91, 39, 7), (39, 254, 2), (254, 244, 4), (244, 193, 2), (254, 14, 5), (254, 250, 5), (250, 104, 6), (75, 41, 8), (82, 99, 8), (64, 61, 8), (247, 40, 8), (23, 212, 8), (209, 144, 8), (144, 241, 1), (144, 77, 5), (190, 187, 8), (224, 86, 8), (109, 95, 8), (184, 10, 8), (162, 111, 9), (111, 5, 4), (5, 107, 4), (107, 51, 8), (131, 220, 9), (220, 168, 6), (48, 15, 9), (115, 223, 9), (105, 152, 9), (185, 93, 9), (2, 174, 9), (95, 163, 9), (124, 177, 10), (183, 196, 10), (196, 27, 7), (27, 119, 2), (116, 110, 10), (251, 89, 10), (189, 43, 10), (16, 72, 10), (172, 76, 10), (170, 238, 10), (248, 165, 10), (165, 6, 8), (80, 102, 10), (149, 12, 11), (135, 175, 11), (103, 123, 11), (172, 161, 11), (48, 148, 12), (75, 253, 12), (136, 157, 12), (218, 197, 12), (197, 147, 9), (223, 206, 12), (148, 85, 12), (125, 188, 13), (185, 233, 13), (57, 121, 14), (67, 37, 14), (3, 66, 14), (153, 219, 15), (126, 22, 15), (221, 98, 15), (244, 33, 15), (33, 159, 12), (107, 70, 15), (48, 62, 16), (62, 239, 13), (245, 138, 20), (138, 54, 2)]",1339
Kruskal's Algorithm (without queue),512,130816,0.336618291000001,"[(0, 212, 1), (0, 421, 1), (9, 379, 1), (12, 74, 1), (13, 442, 1), (14, 278, 1), (15, 510, 1), (16, 44, 1), (16, 219, 1), (16, 441, 1), (19, 180, 1), (20, 258, 1), (23, 140, 1), (23, 248, 1), (29, 332, 1), (32, 302, 1), (33, 269, 1), (47, 238, 1), (47, 511, 1), (53, 364, 1), (58, 419, 1), (59, 401, 1), (59, 496, 1), (62, 264, 1), (62, 368, 1), (63, 290, 1), (71, 443, 1), (72, 420, 1), (85, 149, 1), (88, 179, 1), (89, 152, 1), (94, 251, 1), (98, 189, 1), (101, 384, 1), (104, 286, 1), (105, 177, 1), (105, 225, 1), (105, 449, 1), (107, 443, 1), (111, 396, 1), (113, 227, 1), (114, 228, 1), (116, 214, 1), (122, 468, 1), (124, 175, 1), (124, 180, 1), (127, 283, 1), (128, 164, 1), (132, 196, 1), (132, 291, 1), (133, 329, 1), (135, 283, 1), (137, 455, 1), (141, 270, 1), (152, 193, 1), (155, 371, 1), (156, 474, 1), (163, 457, 1), (163, 467, 1), (169, 481, 1), (170, 367, 1), (179, 223, 1), (197, 252, 1), (205, 476, 1), (212, 282, 1), (212, 361, 1), (212, 475, 1), (214, 271, 1), (217, 287, 1), (218, 407, 1), (219, 293, 1), (222, 231, 1), (222, 315, 1), (223, 275, 1), (229, 369, 1), (234, 502, 1), (249, 314, 1), (257, 329, 1), (265, 498, 1), (282, 320, 1), (284, 414, 1), (289, 382, 1), (293, 312, 1), (295, 414, 1), (295, 434, 1), (296, 370, 1), (303, 406, 1), (306, 465, 1), (307, 321, 1), (313, 354, 1), (316, 336, 1), (316, 435, 1), (319, 413, 1), (323, 511, 1), (334, 388, 1), (342, 507, 1), (352, 511, 1), (377, 481, 1), (379, 390, 1), (395, 437, 1), (412, 486, 1), (441, 447, 1), (447, 459, 1), (0, 47, 2), (0, 174, 2), (5, 287, 2), (6, 296, 2), (7, 260, 2), (8, 348, 2), (10, 488, 2), (11, 408, 2), (17, 192, 2), (19, 477, 2), (24, 360, 2), (26, 465, 2), (31, 63, 2), (31, 156, 2), (32, 404, 2), (35, 471, 2), (37, 281, 2), (40, 105, 2), (41, 476, 2), (47, 122, 2), (47, 271, 2), (53, 209, 2), (57, 375, 2), (66, 192, 2), (67, 426, 2), (68, 380, 2), (69, 98, 2), (71, 99, 2), (74, 465, 2), (77, 79, 2), (79, 445, 2), (85, 452, 2), (89, 153, 2), (90, 181, 2), (91, 484, 2), (92, 356, 2), (93, 138, 2), (94, 202, 2), (96, 181, 2), (96, 249, 2), (100, 261, 2), (102, 466, 2), (103, 437, 2), (105, 283, 2), (111, 133, 2), (114, 194, 2), (115, 503, 2), (117, 237, 2), (117, 252, 2), (117, 354, 2), (119, 446, 2), (128, 292, 2), (130, 313, 2), (135, 203, 2), (135, 390, 2), (139, 402, 2), (142, 164, 2), (142, 467, 2), (146, 167, 2), (146, 240, 2), (148, 511, 2), (151, 333, 2), (153, 202, 2), (158, 483, 2), (163, 226, 2), (166, 296, 2), (166, 482, 2), (167, 281, 2), (172, 371, 2), (177, 327, 2), (183, 323, 2), (184, 505, 2), (191, 396, 2), (191, 468, 2), (193, 471, 2), (197, 243, 2), (198, 222, 2), (201, 255, 2), (202, 303, 2), (207, 437, 2), (210, 510, 2), (212, 239, 2), (213, 265, 2), (214, 415, 2), (229, 488, 2), (234, 479, 2), (236, 411, 2), (244, 279, 2), (246, 398, 2), (249, 510, 2), (252, 266, 2), (252, 311, 2), (252, 316, 2), (270, 293, 2), (270, 385, 2), (279, 473, 2), (280, 482, 2), (281, 345, 2), (282, 405, 2), (283, 464, 2), (285, 423, 2), (285, 495, 2), (286, 417, 2), (288, 386, 2), (294, 323, 2), (299, 425, 2), (300, 503, 2), (303, 511, 2), (308, 359, 2), (310, 453, 2), (310, 506, 2), (334, 353, 2), (339, 341, 2), (341, 429, 2), (345, 375, 2), (350, 357, 2), (377, 472, 2), (378, 452, 2), (383, 442, 2), (405, 490, 2), (405, 498, 2), (409, 484, 2), (415, 435, 2), (417, 427, 2), (424, 477, 2), (472, 493, 2), (0, 392, 3), (2, 365, 3), (3, 434, 3), (6, 305, 3), (11, 465, 3), (14, 399, 3), (15, 294, 3), (16, 405, 3), (19, 80, 3), (19, 329, 3), (19, 381, 3), (20, 28, 3), (20, 174, 3), (23, 55, 3), (23, 448, 3), (24, 336, 3), (27, 392, 3), (30, 95, 3), (32, 243, 3), (34, 51, 3), (38, 111, 3), (39, 83, 3), (39, 507, 3), (42, 112, 3), (42, 251, 3), (44, 366, 3), (48, 226, 3), (51, 283, 3), (53, 336, 3), (54, 421, 3), (54, 454, 3), (56, 215, 3), (56, 401, 3), (58, 345, 3), (62, 308, 3), (63, 175, 3), (64, 87, 3), (64, 303, 3), (65, 181, 3), (67, 271, 3), (68, 124, 3), (68, 486, 3), (71, 134, 3), (71, 160, 3), (71, 356, 3), (72, 165, 3), (76, 319, 3), (82, 118, 3), (83, 246, 3), (86, 365, 3), (90, 189, 3), (91, 178, 3), (95, 498, 3), (96, 220, 3), (99, 122, 3), (106, 501, 3), (110, 507, 3), (111, 317, 3), (113, 507, 3), (120, 286, 3), (122, 315, 3), (122, 395, 3), (129, 274, 3), (131, 216, 3), (135, 290, 3), (135, 492, 3), (137, 163, 3), (139, 497, 3), (141, 472, 3), (145, 229, 3), (146, 374, 3), (157, 239, 3), (157, 309, 3), (161, 210, 3), (163, 223, 3), (163, 391, 3), (164, 459, 3), (166, 465, 3), (170, 282, 3), (171, 357, 3), (171, 381, 3), (172, 368, 3), (174, 334, 3), (180, 295, 3), (183, 503, 3), (200, 399, 3), (200, 442, 3), (203, 489, 3), (212, 263, 3), (221, 234, 3), (228, 388, 3), (235, 323, 3), (240, 368, 3), (244, 472, 3), (250, 369, 3), (253, 335, 3), (255, 372, 3), (256, 431, 3), (265, 338, 3), (275, 440, 3), (280, 382, 3), (287, 490, 3), (290, 453, 3), (304, 500, 3), (315, 507, 3), (316, 371, 3), (319, 458, 3), (323, 446, 3), (328, 446, 3), (335, 387, 3), (338, 480, 3), (344, 440, 3), (351, 438, 3), (351, 468, 3), (363, 443, 3), (392, 433, 3), (397, 434, 3), (409, 425, 3), (413, 438, 3), (415, 423, 3), (416, 494, 3), (422, 427, 3), (431, 459, 3), (436, 471, 3), (442, 449, 3), (446, 479, 3), (451, 488, 3), (3, 204, 4), (4, 491, 4), (6, 387, 4), (8, 27, 4), (11, 48, 4), (11, 411, 4), (14, 273, 4), (14, 487, 4), (17, 278, 4), (22, 278, 4), (23, 227, 4), (25, 35, 4), (25, 358, 4), (29, 193, 4), (36, 266, 4), (37, 56, 4), (47, 267, 4), (60, 121, 4), (69, 499, 4), (73, 293, 4), (73, 451, 4), (78, 455, 4), (80, 400, 4), (83, 185, 4), (86, 314, 4), (93, 132, 4), (97, 200, 4), (101, 492, 4), (102, 425, 4), (105, 456, 4), (106, 338, 4), (108, 341, 4), (118, 470, 4), (120, 408, 4), (131, 299, 4), (131, 369, 4), (132, 240, 4), (143, 186, 4), (150, 257, 4), (154, 264, 4), (165, 251, 4), (182, 487, 4), (186, 301, 4), (188, 475, 4), (194, 494, 4), (199, 251, 4), (200, 247, 4), (202, 261, 4), (208, 266, 4), (220, 372, 4), (224, 307, 4), (230, 269, 4), (232, 365, 4), (234, 373, 4), (234, 508, 4), (237, 450, 4), (244, 347, 4), (262, 327, 4), (268, 279, 4), (272, 490, 4), (277, 318, 4), (280, 500, 4), (301, 421, 4), (307, 368, 4), (313, 509, 4), (322, 389, 4), (330, 389, 4), (341, 488, 4), (367, 439, 4), (389, 421, 4), (13, 109, 5), (14, 158, 5), (18, 384, 5), (28, 129, 5), (31, 376, 5), (33, 146, 5), (38, 485, 5), (45, 137, 5), (46, 503, 5), (52, 278, 5), (60, 252, 5), (61, 440, 5), (77, 351, 5), (81, 452, 5), (89, 233, 5), (93, 162, 5), (103, 125, 5), (104, 469, 5), (132, 318, 5), (132, 331, 5), (133, 151, 5), (135, 378, 5), (140, 276, 5), (144, 184, 5), (166, 242, 5), (177, 470, 5), (187, 395, 5), (205, 452, 5), (211, 402, 5), (218, 497, 5), (218, 509, 5), (245, 392, 5), (301, 325, 5), (307, 462, 5), (310, 337, 5), (337, 460, 5), (378, 410, 5), (394, 414, 5), (417, 463, 5), (7, 363, 6), (20, 403, 6), (21, 396, 6), (50, 342, 6), (51, 84, 6), (51, 176, 6), (71, 147, 6), (82, 491, 6), (110, 123, 6), (116, 355, 6), (118, 428, 6), (126, 481, 6), (135, 393, 6), (173, 237, 6), (190, 315, 6), (295, 432, 6), (362, 451, 6), (411, 418, 6), (439, 461, 6), (1, 331, 7), (12, 70, 7), (59, 505, 7), (77, 478, 7), (87, 324, 7), (136, 197, 7), (146, 326, 7), (159, 352, 7), (161, 206, 7), (164, 386, 7), (212, 430, 7), (221, 349, 7), (306, 340, 7), (346, 365, 7), (466, 504, 7), (43, 111, 8), (49, 441, 8), (168, 282, 8), (186, 343, 8), (195, 314, 8), (229, 444, 8), (241, 321, 8), (259, 417, 8), (66, 297, 9), (254, 449, 9), (298, 460, 11), (75, 451, 16)]",1539
Prim's Algorithm (without queue),512,130816,10.102920307999995,"[(0, 212, 1), (0, 421, 1), (212, 282, 1), (212, 361, 1), (212, 475, 1), (282, 320, 1), (0, 47, 2), (47, 238, 1), (47, 511, 1), (511, 323, 1), (511, 352, 1), (0, 174, 2), (212, 239, 2), (282, 405, 2), (47, 122, 2), (122, 468, 1), (47, 271, 2), (271, 214, 1), (214, 116, 1), (511, 148, 2), (511, 303, 2), (303, 406, 1), (323, 183, 2), (323, 294, 2), (405, 490, 2), (405, 498, 2), (498, 265, 1), (468, 191, 2), (214, 415, 2), (303, 202, 2), (265, 213, 2), (191, 396, 2), (396, 111, 1), (415, 435, 2), (435, 316, 1), (316, 336, 1), (202, 94, 2), (94, 251, 1), (202, 153, 2), (111, 133, 2), (133, 329, 1), (329, 257, 1), (316, 252, 2), (252, 197, 1), (153, 89, 2), (89, 152, 1), (152, 193, 1), (252, 117, 2), (252, 266, 2), (252, 311, 2), (197, 243, 2), (193, 471, 2), (117, 237, 2), (117, 354, 2), (354, 313, 1), (471, 35, 2), (313, 130, 2), (0, 392, 3), (212, 263, 3), (421, 54, 3), (421, 459, 3), (459, 447, 1), (447, 441, 1), (441, 16, 1), (16, 44, 1), (16, 219, 1), (219, 293, 1), (293, 312, 1), (293, 270, 2), (270, 141, 1), (270, 385, 2), (282, 170, 3), (170, 367, 1), (323, 235, 3), (323, 446, 3), (446, 119, 2), (174, 20, 3), (20, 258, 1), (174, 334, 3), (334, 388, 1), (334, 353, 2), (239, 157, 3), (122, 99, 3), (99, 71, 2), (71, 443, 1), (443, 107, 1), (122, 315, 3), (315, 222, 1), (222, 231, 1), (222, 198, 2), (122, 395, 3), (395, 437, 1), (437, 103, 2), (437, 207, 2), (468, 351, 3), (271, 67, 3), (67, 426, 2), (303, 64, 3), (183, 503, 3), (503, 115, 2), (503, 300, 2), (294, 15, 3), (15, 510, 1), (510, 210, 2), (510, 249, 2), (249, 314, 1), (249, 96, 2), (96, 181, 2), (181, 90, 2), (490, 287, 3), (287, 217, 1), (287, 5, 2), (498, 95, 3), (265, 338, 3), (415, 423, 3), (423, 285, 2), (285, 495, 2), (111, 38, 3), (111, 317, 3), (316, 290, 3), (290, 63, 1), (63, 31, 2), (31, 156, 2), (156, 474, 1), (316, 371, 3), (371, 155, 1), (371, 172, 2), (336, 24, 3), (24, 360, 2), (336, 53, 3), (53, 364, 1), (53, 209, 2), (251, 42, 3), (329, 19, 3), (19, 180, 1), (180, 124, 1), (124, 175, 1), (19, 477, 2), (477, 424, 2), (243, 32, 3), (32, 302, 1), (32, 404, 2), (471, 436, 3), (392, 27, 3), (392, 28, 3), (392, 177, 3), (177, 105, 1), (105, 225, 1), (105, 449, 1), (177, 327, 2), (105, 40, 2), (105, 283, 2), (283, 127, 1), (283, 135, 1), (283, 464, 2), (135, 203, 2), (135, 390, 2), (390, 379, 1), (379, 9, 1), (392, 433, 3), (263, 414, 3), (414, 284, 1), (414, 295, 1), (295, 434, 1), (54, 454, 3), (459, 164, 3), (164, 128, 1), (164, 142, 2), (128, 292, 2), (142, 467, 2), (467, 163, 1), (163, 457, 1), (163, 226, 2), (459, 431, 3), (44, 366, 3), (141, 472, 3), (472, 377, 2), (377, 481, 1), (481, 169, 1), (472, 493, 2), (446, 328, 3), (446, 479, 3), (479, 234, 2), (234, 502, 1), (388, 228, 3), (228, 114, 1), (114, 194, 2), (157, 309, 3), (71, 134, 3), (71, 160, 3), (71, 356, 3), (356, 92, 2), (443, 363, 3), (315, 507, 3), (507, 342, 1), (351, 438, 3), (64, 87, 3), (210, 161, 3), (96, 220, 3), (181, 65, 3), (90, 189, 3), (189, 98, 1), (98, 69, 2), (95, 30, 3), (338, 480, 3), (290, 453, 3), (453, 310, 2), (310, 506, 2), (172, 368, 3), (368, 62, 1), (62, 264, 1), (42, 112, 3), (19, 80, 3), (19, 381, 3), (124, 68, 3), (68, 380, 2), (449, 442, 3), (442, 13, 1), (442, 383, 2), (283, 51, 3), (135, 492, 3), (203, 489, 3), (434, 3, 3), (434, 397, 3), (163, 137, 3), (137, 455, 1), (163, 223, 3), (223, 179, 1), (223, 275, 1), (179, 88, 1), (163, 391, 3), (226, 48, 3), (431, 256, 3), (472, 244, 3), (244, 279, 2), (279, 473, 2), (234, 221, 3), (507, 39, 3), (507, 110, 3), (507, 113, 3), (113, 227, 1), (438, 413, 3), (413, 319, 1), (368, 240, 3), (240, 146, 2), (146, 167, 2), (167, 281, 2), (281, 37, 2), (281, 345, 2), (345, 375, 2), (375, 57, 2), (62, 308, 3), (308, 359, 2), (381, 171, 3), (68, 486, 3), (486, 412, 1), (442, 200, 3), (51, 34, 3), (275, 440, 3), (39, 83, 3), (319, 76, 3), (319, 458, 3), (146, 374, 3), (345, 58, 3), (58, 419, 1), (171, 357, 3), (357, 350, 2), (200, 399, 3), (440, 344, 3), (83, 246, 3), (246, 398, 2), (399, 14, 3), (14, 278, 1), (421, 301, 4), (421, 389, 4), (475, 56, 4), (56, 215, 3), (56, 401, 3), (401, 59, 1), (59, 496, 1), (475, 188, 4), (320, 332, 4), (332, 29, 1), (47, 267, 4), (323, 321, 4), (321, 307, 1), (468, 411, 4), (411, 236, 2), (271, 306, 4), (306, 465, 1), (465, 26, 2), (465, 74, 2), (74, 12, 1), (465, 11, 3), (11, 408, 2), (465, 166, 3), (166, 296, 2), (296, 370, 1), (166, 482, 2), (296, 6, 2), (482, 280, 2), (6, 305, 3), (280, 382, 3), (382, 289, 1), (406, 335, 4), (335, 253, 3), (335, 387, 3), (490, 272, 4), (498, 247, 4), (202, 261, 4), (261, 100, 2), (396, 268, 4), (251, 165, 4), (165, 72, 3), (72, 420, 1), (251, 199, 4), (257, 150, 4), (257, 299, 4), (299, 425, 2), (425, 409, 3), (409, 484, 2), (484, 91, 2), (91, 178, 3), (266, 36, 4), (266, 208, 4), (237, 450, 4), (313, 509, 4), (35, 25, 4), (35, 140, 4), (140, 23, 1), (23, 248, 1), (23, 55, 3), (23, 448, 3), (441, 250, 4), (250, 369, 3), (369, 229, 1), (229, 488, 2), (488, 10, 2), (229, 145, 3), (488, 451, 3), (293, 73, 4), (367, 439, 4), (222, 466, 4), (466, 102, 2), (231, 291, 4), (291, 132, 1), (132, 196, 1), (426, 429, 4), (429, 341, 2), (341, 339, 2), (115, 185, 4), (314, 86, 4), (86, 365, 3), (365, 2, 3), (338, 106, 4), (106, 501, 3), (360, 487, 4), (27, 8, 4), (8, 348, 2), (105, 456, 4), (327, 262, 4), (481, 204, 4), (234, 373, 4), (234, 508, 4), (194, 494, 4), (494, 416, 3), (220, 372, 4), (372, 255, 3), (255, 201, 2), (69, 499, 4), (264, 154, 4), (80, 400, 4), (492, 101, 4), (101, 384, 1), (455, 78, 4), (244, 347, 4), (200, 97, 4), (398, 232, 4), (14, 273, 4), (278, 17, 4), (17, 192, 2), (192, 66, 2), (278, 22, 4), (301, 186, 4), (389, 322, 4), (389, 330, 4), (307, 224, 4), (408, 120, 4), (120, 286, 3), (286, 104, 1), (286, 417, 2), (417, 427, 2), (427, 422, 3), (280, 500, 4), (500, 304, 3), (299, 131, 4), (131, 216, 3), (25, 358, 4), (132, 93, 4), (93, 138, 2), (341, 108, 4), (487, 182, 4), (186, 143, 4), (133, 151, 5), (151, 333, 2), (252, 60, 5), (60, 121, 4), (89, 233, 5), (313, 274, 5), (274, 129, 3), (392, 245, 5), (446, 45, 5), (395, 187, 5), (103, 125, 5), (351, 77, 5), (77, 79, 2), (79, 445, 2), (503, 46, 5), (314, 452, 5), (452, 85, 2), (85, 149, 1), (452, 378, 2), (38, 485, 5), (31, 376, 5), (302, 242, 5), (177, 470, 5), (470, 118, 4), (118, 82, 3), (414, 394, 5), (226, 469, 5), (234, 497, 5), (497, 139, 3), (139, 402, 2), (310, 337, 5), (13, 109, 5), (397, 269, 5), (269, 33, 1), (269, 230, 4), (391, 52, 5), (440, 61, 5), (440, 476, 5), (476, 205, 1), (476, 41, 2), (14, 158, 5), (158, 483, 2), (301, 325, 5), (307, 462, 5), (509, 218, 5), (218, 407, 1), (140, 276, 5), (132, 318, 5), (318, 277, 4), (132, 331, 5), (384, 18, 5), (417, 463, 5), (93, 162, 5), (452, 81, 5), (378, 410, 5), (402, 211, 5), (337, 460, 5), (116, 355, 6), (396, 21, 6), (237, 173, 6), (313, 491, 6), (491, 4, 4), (270, 393, 6), (20, 403, 6), (71, 147, 6), (315, 190, 6), (371, 260, 6), (260, 7, 2), (295, 432, 6), (472, 428, 6), (481, 126, 6), (342, 50, 6), (51, 84, 6), (51, 176, 6), (110, 123, 6), (411, 418, 6), (451, 362, 6), (439, 461, 6), (212, 430, 7), (352, 159, 7), (197, 136, 7), (164, 386, 7), (386, 288, 2), (87, 324, 7), (161, 206, 7), (220, 144, 7), (144, 184, 5), (184, 505, 2), (221, 349, 7), (146, 326, 7), (306, 340, 7), (12, 70, 7), (482, 1, 7), (466, 504, 7), (365, 346, 7), (77, 478, 7), (282, 168, 8), (352, 343, 8), (111, 43, 8), (441, 49, 8), (314, 195, 8), (321, 241, 8), (229, 444, 8), (417, 259, 8), (449, 254, 9), (66, 297, 9), (460, 298, 11), (451, 75, 16)]",1539
Kruskal's Algorithm (with queue),4,6,0.000185254999998,"[(2, 3, 71), (0, 1, 317), (0, 2, 318)]",706
Prim's Algorithm (with queue),4,6,0.000084467000001,"[(0, 1, 317), (0, 2, 318), (2, 3, 71)]",706
Kruskal's Algorithm (with queue),8,28,0.000612097000001,"[(1, 7, 45), (1, 6, 73), (4, 7, 81), (0, 3, 164), (0, 7, 173), (4, 5, 192), (2, 6, 223)]",951
Prim's Algorithm (with queue),8,28,0.000223615000003,"[(0, 3, 164), (0, 7, 173), (7, 1, 45), (1, 6, 73), (7, 4, 81), (4, 5, 192), (6, 2, 223)]",951
Kruskal's Algorithm (with queue),16,120,0.001477344999998,"[(3, 7, 3), (1, 12, 7), (3, 11, 10), (12, 15, 26), (9, 13, 29), (0, 13, 42), (2, 5, 44), (4, 11, 52), (4, 9, 54), (10, 15, 59), (4, 6, 61), (1, 5, 62), (8, 9, 96), (0, 15, 138), (5, 14, 192)]",875
Prim's Algorithm (with queue),16,120,0.000873337000002,"[(0, 13, 42), (13, 9, 29), (9, 4, 54), (4, 11, 52), (11, 3, 10), (3, 7, 3), (4, 6, 61), (9, 8, 96), (0, 15, 138), (15, 12, 26), (12, 1, 7), (15, 10, 59), (1, 5, 62), (5, 2, 44), (5, 14, 192)]",875
Kruskal's Algorithm (with queue),32,496,0.007255436000001,"[(1, 4, 1), (29, 30, 2), (4, 18, 13), (2, 9, 15), (3, 4, 15), (14, 16, 17), (18, 28, 19), (7, 15, 20), (11, 31, 20), (5, 28, 22), (7, 17, 22), (5, 22, 24), (27, 29, 30), (1, 19, 35), (8, 21, 37), (2, 25, 38), (14, 24, 49), (5, 20, 51), (14, 18, 55), (12, 27, 58), (6, 22, 65), (4, 30, 69), (11, 18, 75), (2, 4, 79), (17, 19, 86), (26, 27, 88), (21, 22, 89), (0, 23, 97), (0, 31, 104), (9, 13, 120), (10, 16, 123)]",1538
Prim's Algorithm (with queue),32,496,0.002656422999998,"[(0, 23, 97), (0, 31, 104), (31, 11, 20), (11, 18, 75), (18, 4, 13), (4, 1, 1), (4, 3, 15), (18, 28, 19), (28, 5, 22), (5, 22, 24), (1, 19, 35), (5, 20, 51), (18, 14, 55), (14, 16, 17), (14, 24, 49), (22, 6, 65), (4, 30, 69), (30, 29, 2), (29, 27, 30), (27, 12, 58), (4, 2, 79), (2, 9, 15), (2, 25, 38), (19, 17, 86), (17, 7, 22), (7, 15, 20), (27, 26, 88), (22, 21, 89), (21, 8, 37), (9, 13, 120), (16, 10, 123)]",1538
Kruskal's Algorithm (with queue),64,2016,0.026441714999997,"[(49, 54, 1), (21, 62, 2), (8, 31, 3), (41, 63, 3), (15, 48, 4), (15, 50, 4), (19, 48, 4), (3, 30, 5), (8, 50, 6), (13, 28, 6), (34, 38, 6), (37, 40, 6), (6, 32, 7), (11, 39, 7), (17, 57, 7), (46, 55, 7), (14, 57, 8), (18, 38, 8), (41, 45, 8), (55, 58, 8), (28, 38, 9), (28, 61, 10), (26, 49, 11), (27, 63, 11), (35, 39, 11), (42, 60, 12), (0, 54, 13), (3, 31, 13), (12, 57, 14), (17, 50, 14), (40, 48, 14), (5, 25, 15), (10, 58, 15), (15, 51, 15), (11, 59, 16), (35, 42, 17), (35, 44, 17), (29, 59, 18), (10, 22, 20), (28, 47, 20), (16, 59, 21), (27, 56, 21), (43, 60, 21), (2, 4, 22), (17, 49, 22), (22, 60, 22), (6, 44, 23), (28, 63, 23), (21, 46, 24), (35, 37, 24), (1, 59, 25), (2, 45, 25), (7, 22, 27), (34, 59, 27), (3, 33, 30), (23, 45, 32), (3, 9, 33), (20, 40, 33), (6, 24, 35), (10, 52, 35), (32, 36, 36), (46, 53, 56), (5, 35, 57)]",1069
Prim's Algorithm (with queue),64,2016,0.010630601000003,"[(0, 54, 13), (54, 49, 1), (49, 26, 11), (49, 17, 22), (17, 57, 7), (57, 14, 8), (17, 50, 14), (50, 15, 4), (15, 48, 4), (48, 19, 4), (50, 8, 6), (8, 31, 3), (31, 3, 13), (3, 30, 5), (48, 40, 14), (40, 37, 6), (57, 12, 14), (15, 51, 15), (37, 35, 24), (35, 39, 11), (39, 11, 7), (11, 59, 16), (35, 42, 17), (42, 60, 12), (35, 44, 17), (59, 29, 18), (59, 16, 21), (60, 43, 21), (60, 22, 22), (22, 10, 20), (10, 58, 15), (58, 55, 8), (55, 46, 7), (44, 6, 23), (6, 32, 7), (46, 21, 24), (21, 62, 2), (59, 1, 25), (22, 7, 27), (59, 34, 27), (34, 38, 6), (38, 18, 8), (38, 28, 9), (28, 13, 6), (28, 61, 10), (28, 47, 20), (28, 63, 23), (63, 41, 3), (41, 45, 8), (63, 27, 11), (27, 56, 21), (45, 2, 25), (2, 4, 22), (3, 33, 30), (45, 23, 32), (3, 9, 33), (40, 20, 33), (6, 24, 35), (10, 52, 35), (32, 36, 36), (46, 53, 56), (35, 5, 57), (5, 25, 15)]",1069
Kruskal's Algorithm (with queue),128,8128,0.108747436000002,"[(0, 46, 1), (0, 109, 1), (3, 55, 1), (11, 88, 1), (91, 96, 1), (93, 119, 1), (14, 111, 2), (19, 99, 2), (21, 70, 2), (21, 102, 2), (30, 118, 2), (53, 64, 2), (73, 124, 2), (77, 107, 2), (3, 86, 3), (18, 19, 3), (18, 110, 3), (21, 117, 3), (23, 72, 3), (23, 104, 3), (25, 39, 3), (27, 112, 3), (49, 72, 3), (56, 66, 3), (64, 100, 3), (67, 89, 3), (70, 108, 3), (10, 66, 4), (11, 41, 4), (36, 89, 4), (65, 91, 4), (86, 92, 4), (99, 107, 4), (8, 11, 5), (8, 42, 5), (8, 100, 5), (11, 70, 5), (25, 114, 5), (27, 104, 5), (41, 73, 5), (71, 99, 5), (91, 111, 5), (92, 100, 5), (103, 110, 5), (8, 59, 6), (17, 52, 6), (19, 100, 6), (19, 121, 6), (48, 125, 6), (94, 104, 6), (2, 29, 7), (5, 117, 7), (14, 19, 7), (15, 94, 7), (19, 76, 7), (47, 71, 7), (63, 99, 7), (92, 120, 7), (114, 121, 7), (9, 20, 8), (10, 21, 8), (21, 95, 8), (25, 51, 8), (32, 125, 8), (53, 72, 8), (53, 123, 8), (56, 126, 8), (69, 85, 8), (90, 120, 8), (115, 119, 8), (7, 36, 9), (28, 40, 9), (31, 86, 9), (45, 109, 9), (80, 116, 9), (5, 45, 10), (13, 21, 10), (36, 84, 10), (43, 113, 10), (57, 61, 10), (78, 105, 10), (2, 66, 11), (12, 77, 11), (45, 50, 11), (60, 68, 11), (80, 117, 11), (106, 115, 11), (1, 104, 12), (9, 27, 12), (16, 79, 12), (44, 124, 12), (55, 69, 12), (60, 123, 12), (4, 49, 13), (18, 75, 13), (23, 28, 13), (26, 110, 13), (57, 93, 13), (61, 69, 13), (79, 121, 13), (76, 83, 14), (96, 105, 14), (38, 94, 15), (62, 74, 15), (66, 81, 16), (93, 127, 16), (4, 6, 17), (19, 43, 17), (24, 80, 17), (32, 33, 17), (33, 50, 17), (54, 78, 17), (76, 84, 17), (24, 82, 18), (38, 118, 18), (81, 101, 18), (61, 74, 19), (52, 62, 20), (58, 102, 20), (34, 108, 21), (122, 124, 21), (55, 98, 22), (22, 75, 24), (17, 97, 25), (37, 82, 29), (17, 87, 33), (35, 123, 37)]",1195
Prim's Algorithm (with queue),128,8128,0.046270491000001,"[(0, 46, 1), (0, 109, 1), (109, 45, 9), (45, 5, 10), (5, 117, 7), (117, 21, 3), (21, 70, 2), (21, 102, 2), (70, 108, 3), (70, 11, 5), (11, 88, 1), (11, 41, 4), (11, 8, 5), (8, 42, 5), (8, 100, 5), (100, 64, 3), (64, 53, 2), (41, 73, 5), (73, 124, 2), (100, 92, 5), (92, 86, 4), (86, 3, 3), (3, 55, 1), (8, 59, 6), (100, 19, 6), (19, 99, 2), (19, 18, 3), (18, 110, 3), (99, 107, 4), (107, 77, 2), (99, 71, 5), (110, 103, 5), (19, 121, 6), (19, 14, 7), (14, 111, 2), (111, 91, 5), (91, 96, 1), (91, 65, 4), (19, 76, 7), (71, 47, 7), (92, 120, 7), (99, 63, 7), (121, 114, 7), (114, 25, 5), (25, 39, 3), (21, 10, 8), (10, 66, 4), (66, 56, 3), (21, 95, 8), (25, 51, 8), (53, 72, 8), (72, 23, 3), (23, 104, 3), (72, 49, 3), (104, 27, 5), (27, 112, 3), (104, 94, 6), (94, 15, 7), (53, 123, 8), (56, 126, 8), (120, 90, 8), (86, 31, 9), (21, 13, 10), (45, 50, 11), (66, 2, 11), (2, 29, 7), (77, 12, 11), (117, 80, 11), (80, 116, 9), (27, 9, 12), (9, 20, 8), (55, 69, 12), (69, 85, 8), (104, 1, 12), (123, 60, 12), (60, 68, 11), (124, 44, 12), (18, 75, 13), (23, 28, 13), (28, 40, 9), (49, 4, 13), (69, 61, 13), (61, 57, 10), (57, 93, 13), (93, 119, 1), (119, 115, 8), (115, 106, 11), (110, 26, 13), (121, 79, 13), (79, 16, 12), (76, 83, 14), (96, 105, 14), (105, 78, 10), (94, 38, 15), (66, 81, 16), (93, 127, 16), (4, 6, 17), (19, 43, 17), (43, 113, 10), (50, 33, 17), (33, 32, 17), (32, 125, 8), (125, 48, 6), (76, 84, 17), (84, 36, 10), (36, 89, 4), (89, 67, 3), (36, 7, 9), (78, 54, 17), (80, 24, 17), (24, 82, 18), (38, 118, 18), (118, 30, 2), (81, 101, 18), (61, 74, 19), (74, 62, 15), (62, 52, 20), (52, 17, 6), (102, 58, 20), (108, 34, 21), (124, 122, 21), (55, 98, 22), (75, 22, 24), (17, 97, 25), (82, 37, 29), (17, 87, 33), (123, 35, 37)]",1195
Kruskal's Algorithm (with queue),256,32640,0.433700338999998,"[(12, 169, 1), (13, 105, 1), (16, 147, 1), (18, 30, 1), (29, 140, 1), (30, 123, 1), (31, 230, 1), (41, 146, 1), (43, 167, 1), (43, 211, 1), (46, 195, 1), (49, 135, 1), (51, 66, 1), (55, 117, 1), (58, 87, 1), (58, 104, 1), (64, 137, 1), (68, 75, 1), (78, 202, 1), (79, 144, 1), (85, 107, 1), (90, 185, 1), (94, 160, 1), (96, 108, 1), (98, 200, 1), (109, 133, 1), (113, 220, 1), (136, 209, 1), (155, 255, 1), (161, 249, 1), (190, 192, 1), (193, 249, 1), (4, 177, 2), (8, 175, 2), (19, 180, 2), (21, 26, 2), (23, 180, 2), (28, 149, 2), (32, 151, 2), (42, 206, 2), (45, 81, 2), (48, 247, 2), (51, 123, 2), (55, 158, 2), (58, 121, 2), (61, 244, 2), (72, 113, 2), (110, 132, 2), (117, 119, 2), (121, 154, 2), (127, 195, 2), (127, 204, 2), (130, 150, 2), (130, 167, 2), (138, 235, 2), (146, 231, 2), (155, 211, 2), (169, 210, 2), (181, 182, 2), (189, 224, 2), (194, 197, 2), (245, 252, 2), (5, 77, 3), (6, 103, 3), (6, 202, 3), (13, 36, 3), (15, 17, 3), (20, 163, 3), (25, 107, 3), (39, 186, 3), (44, 225, 3), (47, 213, 3), (59, 61, 3), (63, 153, 3), (73, 252, 3), (94, 191, 3), (108, 161, 3), (120, 176, 3), (171, 255, 3), (192, 230, 3), (193, 202, 3), (196, 242, 3), (205, 246, 3), (222, 228, 3), (241, 246, 3), (5, 57, 4), (7, 56, 4), (13, 66, 4), (26, 42, 4), (36, 152, 4), (36, 168, 4), (39, 48, 4), (41, 141, 4), (49, 165, 4), (52, 180, 4), (55, 59, 4), (62, 86, 4), (62, 119, 4), (65, 175, 4), (65, 228, 4), (67, 252, 4), (75, 200, 4), (78, 132, 4), (78, 179, 4), (87, 138, 4), (88, 155, 4), (94, 115, 4), (117, 188, 4), (122, 218, 4), (124, 232, 4), (127, 142, 4), (131, 254, 4), (144, 242, 4), (155, 177, 4), (166, 241, 4), (220, 235, 4), (249, 253, 4), (10, 38, 5), (26, 95, 5), (28, 41, 5), (30, 104, 5), (33, 228, 5), (33, 248, 5), (44, 87, 5), (57, 61, 5), (61, 121, 5), (62, 84, 5), (69, 124, 5), (72, 126, 5), (74, 89, 5), (83, 227, 5), (84, 100, 5), (88, 197, 5), (96, 100, 5), (96, 143, 5), (100, 218, 5), (101, 223, 5), (101, 234, 5), (118, 207, 5), (148, 203, 5), (165, 225, 5), (183, 241, 5), (184, 254, 5), (189, 242, 5), (191, 197, 5), (223, 238, 5), (1, 116, 6), (2, 153, 6), (4, 87, 6), (13, 111, 6), (15, 72, 6), (15, 178, 6), (21, 118, 6), (23, 222, 6), (25, 122, 6), (28, 233, 6), (29, 192, 6), (35, 197, 6), (50, 90, 6), (51, 112, 6), (55, 195, 6), (57, 185, 6), (64, 209, 6), (74, 93, 6), (75, 193, 6), (81, 174, 6), (81, 243, 6), (88, 248, 6), (89, 208, 6), (95, 178, 6), (102, 191, 6), (103, 252, 6), (107, 238, 6), (124, 209, 6), (137, 171, 6), (141, 154, 6), (160, 213, 6), (163, 254, 6), (173, 222, 6), (215, 239, 6), (7, 102, 7), (14, 131, 7), (16, 121, 7), (38, 157, 7), (48, 197, 7), (63, 134, 7), (63, 187, 7), (69, 131, 7), (76, 184, 7), (102, 140, 7), (115, 139, 7), (128, 162, 7), (146, 215, 7), (156, 239, 7), (189, 241, 7), (213, 216, 7), (0, 206, 8), (3, 104, 8), (10, 168, 8), (32, 153, 8), (40, 66, 8), (59, 125, 8), (79, 131, 8), (105, 182, 8), (109, 223, 8), (114, 131, 8), (128, 184, 8), (148, 208, 8), (165, 187, 8), (191, 203, 8), (6, 237, 9), (12, 161, 9), (22, 209, 9), (34, 200, 9), (51, 83, 9), (71, 172, 9), (80, 231, 9), (82, 155, 9), (83, 198, 9), (85, 164, 9), (86, 250, 9), (141, 236, 9), (145, 171, 9), (1, 152, 10), (5, 53, 10), (11, 188, 10), (27, 131, 10), (54, 85, 10), (73, 229, 10), (81, 142, 10), (170, 232, 10), (44, 240, 11), (61, 217, 11), (70, 199, 11), (95, 159, 11), (97, 189, 11), (156, 201, 11), (167, 219, 11), (206, 226, 11), (9, 215, 12), (12, 92, 12), (24, 188, 12), (37, 142, 12), (60, 76, 12), (64, 172, 12), (70, 74, 12), (55, 99, 13), (129, 241, 13), (38, 106, 14), (113, 221, 14), (193, 251, 14), (9, 212, 15), (63, 91, 16), (65, 214, 16), (120, 230, 17)]",1363
Prim's Algorithm (with queue),256,32640,0.185016648000001,"[(0, 206, 8), (206, 42, 2), (42, 26, 4), (26, 21, 2), (26, 95, 5), (21, 118, 6), (118, 207, 5), (95, 178, 6), (178, 15, 6), (15, 17, 3), (15, 72, 6), (72, 113, 2), (113, 220, 1), (220, 235, 4), (235, 138, 2), (138, 87, 4), (87, 58, 1), (58, 104, 1), (58, 121, 2), (121, 154, 2), (72, 126, 5), (87, 44, 5), (44, 225, 3), (104, 30, 5), (30, 18, 1), (30, 123, 1), (123, 51, 2), (51, 66, 1), (66, 13, 4), (13, 105, 1), (13, 36, 3), (36, 152, 4), (36, 168, 4), (121, 61, 5), (61, 244, 2), (61, 59, 3), (59, 55, 4), (55, 117, 1), (55, 158, 2), (117, 119, 2), (117, 188, 4), (119, 62, 4), (62, 86, 4), (61, 57, 5), (57, 5, 4), (5, 77, 3), (62, 84, 5), (84, 100, 5), (100, 96, 5), (96, 108, 1), (108, 161, 3), (161, 249, 1), (249, 193, 1), (193, 202, 3), (202, 78, 1), (202, 6, 3), (6, 103, 3), (78, 132, 4), (132, 110, 2), (78, 179, 4), (249, 253, 4), (96, 143, 5), (100, 218, 5), (218, 122, 4), (225, 165, 5), (165, 49, 4), (49, 135, 1), (13, 111, 6), (51, 112, 6), (55, 195, 6), (195, 46, 1), (195, 127, 2), (127, 204, 2), (127, 142, 4), (57, 185, 6), (185, 90, 1), (87, 4, 6), (4, 177, 2), (177, 155, 4), (155, 255, 1), (155, 211, 2), (211, 43, 1), (43, 167, 1), (167, 130, 2), (130, 150, 2), (255, 171, 3), (155, 88, 4), (88, 197, 5), (197, 194, 2), (197, 191, 5), (191, 94, 3), (94, 160, 1), (94, 115, 4), (88, 248, 6), (248, 33, 5), (33, 228, 5), (228, 222, 3), (228, 65, 4), (65, 175, 4), (175, 8, 2), (90, 50, 6), (103, 252, 6), (252, 245, 2), (252, 73, 3), (252, 67, 4), (115, 234, 6), (234, 101, 5), (101, 223, 5), (223, 238, 5), (122, 25, 6), (25, 107, 3), (107, 85, 1), (154, 141, 6), (141, 41, 4), (41, 146, 1), (146, 231, 2), (41, 28, 5), (28, 149, 2), (28, 233, 6), (160, 213, 6), (213, 47, 3), (171, 137, 6), (137, 64, 1), (64, 209, 6), (209, 136, 1), (191, 102, 6), (193, 75, 6), (75, 68, 1), (75, 200, 4), (200, 98, 1), (197, 35, 6), (209, 124, 6), (124, 232, 4), (124, 69, 5), (222, 23, 6), (23, 180, 2), (180, 19, 2), (180, 52, 4), (222, 173, 6), (69, 131, 7), (131, 254, 4), (254, 184, 5), (254, 163, 6), (163, 20, 3), (102, 7, 7), (7, 56, 4), (102, 140, 7), (140, 29, 1), (29, 192, 6), (192, 190, 1), (192, 230, 3), (230, 31, 1), (115, 139, 7), (121, 16, 7), (16, 147, 1), (131, 14, 7), (146, 215, 7), (215, 239, 6), (184, 76, 7), (197, 48, 7), (48, 247, 2), (48, 39, 4), (39, 186, 3), (213, 216, 7), (239, 156, 7), (59, 125, 8), (66, 40, 8), (104, 3, 8), (105, 182, 8), (182, 181, 2), (124, 189, 8), (189, 224, 2), (189, 242, 5), (242, 196, 3), (242, 144, 4), (144, 79, 1), (189, 241, 7), (241, 246, 3), (246, 205, 3), (241, 166, 4), (241, 183, 5), (131, 114, 8), (165, 187, 8), (187, 63, 7), (63, 153, 3), (153, 2, 6), (63, 134, 7), (153, 32, 8), (32, 151, 2), (168, 10, 8), (10, 38, 5), (38, 157, 7), (184, 128, 8), (128, 162, 7), (191, 203, 8), (203, 148, 5), (148, 208, 8), (208, 89, 6), (89, 74, 5), (74, 93, 6), (223, 109, 8), (109, 133, 1), (6, 237, 9), (51, 83, 9), (83, 227, 5), (74, 169, 9), (169, 12, 1), (169, 210, 2), (83, 198, 9), (85, 164, 9), (86, 250, 9), (141, 236, 9), (155, 82, 9), (171, 145, 9), (200, 34, 9), (209, 22, 9), (231, 80, 9), (5, 53, 10), (73, 229, 10), (85, 54, 10), (131, 27, 10), (142, 81, 10), (81, 45, 2), (81, 174, 6), (81, 243, 6), (152, 1, 10), (1, 116, 6), (188, 11, 10), (232, 170, 10), (44, 240, 11), (61, 217, 11), (95, 159, 11), (156, 201, 11), (167, 219, 11), (189, 97, 11), (206, 226, 11), (12, 92, 12), (64, 172, 12), (172, 71, 9), (74, 70, 12), (70, 199, 11), (76, 60, 12), (142, 37, 12), (188, 24, 12), (215, 9, 12), (55, 99, 13), (241, 129, 13), (38, 106, 14), (113, 221, 14), (193, 251, 14), (9, 212, 15), (63, 91, 16), (65, 214, 16), (230, 120, 17), (120, 176, 3)]",1363
Kruskal's Algorithm (with queue),512,130816,1.961039754000005,"[(5, 344, 1), (6, 440, 1), (8, 105, 1), (10, 150, 1), (13, 40, 1), (14, 85, 1), (14, 211, 1), (15, 454, 1), (16, 458, 1), (18, 147, 1), (18, 426, 1), (20, 212, 1), (20, 352, 1), (23, 476, 1), (24, 159, 1), (28, 229, 1), (28, 339, 1), (29, 156, 1), (38, 351, 1), (42, 241, 1), (44, 356, 1), (46, 241, 1), (46, 461, 1), (48, 218, 1), (51, 160, 1), (53, 79, 1), (53, 204, 1), (53, 339, 1), (53, 364, 1), (54, 511, 1), (56, 105, 1), (63, 209, 1), (64, 501, 1), (65, 89, 1), (67, 307, 1), (74, 288, 1), (74, 351, 1), (83, 170, 1), (84, 426, 1), (85, 161, 1), (85, 451, 1), (88, 307, 1), (88, 370, 1), (89, 148, 1), (89, 268, 1), (89, 377, 1), (89, 497, 1), (90, 311, 1), (91, 391, 1), (95, 448, 1), (96, 162, 1), (100, 118, 1), (111, 175, 1), (113, 164, 1), (119, 229, 1), (120, 348, 1), (120, 453, 1), (123, 253, 1), (125, 395, 1), (129, 180, 1), (130, 242, 1), (130, 496, 1), (131, 209, 1), (132, 149, 1), (134, 365, 1), (136, 347, 1), (139, 168, 1), (141, 313, 1), (142, 260, 1), (144, 290, 1), (145, 233, 1), (146, 473, 1), (147, 314, 1), (148, 174, 1), (157, 344, 1), (161, 428, 1), (162, 290, 1), (162, 461, 1), (167, 484, 1), (173, 421, 1), (174, 464, 1), (176, 307, 1), (194, 408, 1), (195, 286, 1), (197, 288, 1), (197, 500, 1), (202, 361, 1), (207, 244, 1), (213, 253, 1), (216, 217, 1), (217, 400, 1), (219, 300, 1), (222, 224, 1), (222, 243, 1), (233, 328, 1), (236, 396, 1), (238, 247, 1), (238, 493, 1), (247, 350, 1), (250, 401, 1), (250, 469, 1), (264, 421, 1), (264, 471, 1), (265, 427, 1), (266, 382, 1), (273, 492, 1), (286, 422, 1), (291, 294, 1), (300, 421, 1), (307, 434, 1), (308, 468, 1), (308, 472, 1), (314, 458, 1), (325, 423, 1), (328, 402, 1), (353, 493, 1), (357, 461, 1), (371, 454, 1), (374, 396, 1), (376, 473, 1), (397, 478, 1), (403, 431, 1), (435, 490, 1), (436, 459, 1), (436, 473, 1), (444, 455, 1), (449, 463, 1), (462, 491, 1), (477, 501, 1), (485, 509, 1), (10, 88, 2), (12, 377, 2), (12, 488, 2), (14, 209, 2), (17, 232, 2), (17, 470, 2), (17, 498, 2), (19, 285, 2), (21, 127, 2), (24, 279, 2), (25, 278, 2), (31, 472, 2), (32, 272, 2), (33, 200, 2), (39, 49, 2), (39, 238, 2), (40, 424, 2), (41, 373, 2), (43, 502, 2), (46, 305, 2), (47, 383, 2), (48, 152, 2), (49, 73, 2), (51, 410, 2), (53, 61, 2), (53, 213, 2), (56, 310, 2), (56, 493, 2), (57, 282, 2), (61, 166, 2), (63, 324, 2), (65, 76, 2), (70, 472, 2), (72, 243, 2), (73, 79, 2), (73, 215, 2), (75, 412, 2), (80, 280, 2), (80, 295, 2), (83, 333, 2), (83, 388, 2), (99, 419, 2), (101, 339, 2), (101, 411, 2), (101, 471, 2), (105, 200, 2), (105, 245, 2), (109, 327, 2), (109, 365, 2), (110, 495, 2), (113, 132, 2), (118, 443, 2), (119, 143, 2), (120, 272, 2), (123, 374, 2), (123, 375, 2), (126, 360, 2), (127, 292, 2), (131, 480, 2), (133, 476, 2), (136, 482, 2), (139, 354, 2), (141, 347, 2), (144, 173, 2), (145, 181, 2), (158, 356, 2), (161, 413, 2), (163, 436, 2), (164, 442, 2), (167, 381, 2), (169, 472, 2), (172, 394, 2), (178, 221, 2), (184, 246, 2), (184, 418, 2), (186, 240, 2), (188, 232, 2), (188, 434, 2), (190, 348, 2), (194, 508, 2), (198, 260, 2), (199, 214, 2), (218, 376, 2), (227, 296, 2), (227, 482, 2), (228, 399, 2), (229, 246, 2), (235, 348, 2), (237, 244, 2), (246, 453, 2), (252, 347, 2), (254, 505, 2), (255, 309, 2), (259, 387, 2), (259, 452, 2), (264, 409, 2), (265, 380, 2), (265, 391, 2), (265, 455, 2), (270, 378, 2), (282, 470, 2), (283, 285, 2), (288, 385, 2), (290, 486, 2), (292, 478, 2), (299, 354, 2), (300, 511, 2), (317, 340, 2), (318, 368, 2), (319, 391, 2), (332, 409, 2), (344, 420, 2), (344, 490, 2), (353, 489, 2), (355, 467, 2), (367, 467, 2), (382, 497, 2), (396, 497, 2), (400, 456, 2), (404, 463, 2), (406, 463, 2), (412, 508, 2), (415, 479, 2), (421, 492, 2), (422, 475, 2), (427, 511, 2), (438, 484, 2), (468, 502, 2), (500, 502, 2), (3, 153, 3), (5, 302, 3), (6, 250, 3), (9, 16, 3), (10, 286, 3), (10, 414, 3), (11, 114, 3), (12, 226, 3), (13, 52, 3), (18, 173, 3), (18, 508, 3), (21, 409, 3), (27, 201, 3), (37, 308, 3), (39, 176, 3), (43, 210, 3), (49, 237, 3), (51, 296, 3), (60, 352, 3), (62, 181, 3), (68, 386, 3), (71, 210, 3), (74, 499, 3), (75, 494, 3), (76, 485, 3), (77, 167, 3), (81, 191, 3), (82, 365, 3), (84, 476, 3), (86, 489, 3), (87, 480, 3), (101, 155, 3), (105, 447, 3), (111, 278, 3), (118, 169, 3), (120, 284, 3), (121, 246, 3), (132, 355, 3), (132, 436, 3), (134, 325, 3), (135, 412, 3), (136, 336, 3), (139, 175, 3), (139, 301, 3), (149, 273, 3), (150, 288, 3), (170, 236, 3), (178, 288, 3), (178, 293, 3), (181, 317, 3), (193, 219, 3), (203, 396, 3), (211, 499, 3), (214, 376, 3), (215, 242, 3), (219, 372, 3), (225, 305, 3), (231, 323, 3), (233, 424, 3), (243, 400, 3), (248, 371, 3), (259, 295, 3), (260, 458, 3), (262, 498, 3), (265, 484, 3), (269, 423, 3), (270, 441, 3), (271, 459, 3), (275, 423, 3), (277, 465, 3), (280, 461, 3), (281, 332, 3), (283, 309, 3), (283, 483, 3), (287, 383, 3), (287, 476, 3), (290, 400, 3), (297, 399, 3), (304, 346, 3), (304, 501, 3), (305, 416, 3), (309, 466, 3), (313, 375, 3), (313, 403, 3), (322, 416, 3), (325, 502, 3), (329, 392, 3), (338, 471, 3), (341, 375, 3), (343, 505, 3), (350, 379, 3), (358, 417, 3), (361, 371, 3), (367, 481, 3), (373, 435, 3), (384, 442, 3), (461, 477, 3), (490, 494, 3), (1, 98, 4), (3, 25, 4), (21, 257, 4), (22, 393, 4), (26, 480, 4), (27, 394, 4), (27, 453, 4), (34, 130, 4), (43, 316, 4), (49, 312, 4), (50, 283, 4), (51, 274, 4), (52, 334, 4), (60, 451, 4), (62, 378, 4), (63, 249, 4), (71, 111, 4), (75, 239, 4), (84, 510, 4), (93, 388, 4), (102, 294, 4), (104, 131, 4), (116, 452, 4), (117, 217, 4), (120, 460, 4), (123, 233, 4), (125, 280, 4), (128, 134, 4), (128, 495, 4), (140, 470, 4), (141, 417, 4), (143, 361, 4), (156, 378, 4), (166, 366, 4), (173, 240, 4), (177, 309, 4), (178, 326, 4), (180, 211, 4), (183, 503, 4), (190, 356, 4), (205, 499, 4), (231, 459, 4), (244, 369, 4), (254, 432, 4), (256, 495, 4), (258, 300, 4), (263, 461, 4), (267, 394, 4), (272, 448, 4), (298, 495, 4), (303, 495, 4), (307, 446, 4), (321, 412, 4), (325, 465, 4), (331, 497, 4), (337, 433, 4), (352, 363, 4), (356, 433, 4), (383, 483, 4), (421, 479, 4), (442, 503, 4), (1, 7, 5), (2, 257, 5), (2, 342, 5), (4, 91, 5), (13, 171, 5), (21, 114, 5), (24, 136, 5), (24, 343, 5), (30, 195, 5), (33, 345, 5), (36, 307, 5), (45, 492, 5), (55, 112, 5), (59, 501, 5), (61, 487, 5), (68, 305, 5), (68, 462, 5), (69, 131, 5), (75, 276, 5), (80, 449, 5), (100, 137, 5), (108, 327, 5), (115, 383, 5), (136, 506, 5), (154, 221, 5), (179, 262, 5), (182, 459, 5), (196, 251, 5), (196, 427, 5), (220, 381, 5), (236, 419, 5), (238, 362, 5), (296, 407, 5), (297, 502, 5), (311, 359, 5), (329, 400, 5), (330, 477, 5), (469, 492, 5), (7, 505, 6), (53, 58, 6), (55, 487, 6), (56, 66, 6), (63, 291, 6), (78, 190, 6), (78, 191, 6), (80, 349, 6), (90, 435, 6), (92, 163, 6), (97, 390, 6), (106, 231, 6), (118, 315, 6), (121, 165, 6), (142, 318, 6), (146, 429, 6), (158, 187, 6), (185, 192, 6), (189, 462, 6), (208, 294, 6), (234, 284, 6), (237, 389, 6), (352, 474, 6), (425, 429, 6), (450, 505, 6), (0, 266, 7), (35, 369, 7), (59, 124, 7), (65, 320, 7), (103, 369, 7), (107, 169, 7), (130, 445, 7), (138, 232, 7), (267, 430, 7), (289, 333, 7), (335, 372, 7), (390, 410, 7), (393, 485, 7), (457, 473, 7), (8, 94, 8), (34, 185, 8), (131, 504, 8), (223, 224, 8), (261, 444, 8), (50, 306, 9), (111, 360, 9), (151, 178, 9), (68, 206, 10), (329, 405, 10), (78, 507, 12), (155, 398, 12), (47, 437, 13), (122, 143, 13), (266, 439, 13), (230, 472, 15)]",1529
Prim's Algorithm (with queue),512,130816,0.859842344999997,"[(0, 266, 7), (266, 382, 1), (382, 497, 2), (497, 89, 1), (89, 65, 1), (89, 148, 1), (89, 268, 1), (89, 377, 1), (148, 174, 1), (174, 464, 1), (65, 76, 2), (377, 12, 2), (12, 488, 2), (497, 396, 2), (396, 236, 1), (396, 374, 1), (374, 123, 2), (123, 253, 1), (253, 213, 1), (123, 375, 2), (213, 53, 2), (53, 79, 1), (53, 204, 1), (53, 339, 1), (53, 364, 1), (339, 28, 1), (28, 229, 1), (229, 119, 1), (53, 61, 2), (61, 166, 2), (79, 73, 2), (73, 49, 2), (49, 39, 2), (39, 238, 2), (238, 247, 1), (238, 493, 1), (247, 350, 1), (493, 353, 1), (73, 215, 2), (119, 143, 2), (229, 246, 2), (246, 184, 2), (184, 418, 2), (246, 453, 2), (453, 120, 1), (120, 348, 1), (120, 272, 2), (272, 32, 2), (339, 101, 2), (101, 411, 2), (101, 471, 2), (471, 264, 1), (264, 421, 1), (421, 173, 1), (421, 300, 1), (300, 219, 1), (173, 144, 2), (144, 290, 1), (290, 162, 1), (162, 96, 1), (162, 461, 1), (461, 46, 1), (46, 241, 1), (241, 42, 1), (461, 357, 1), (46, 305, 2), (264, 409, 2), (290, 486, 2), (300, 511, 2), (511, 54, 1), (348, 190, 2), (348, 235, 2), (353, 489, 2), (409, 332, 2), (421, 492, 2), (492, 273, 1), (493, 56, 2), (56, 105, 1), (105, 8, 1), (56, 310, 2), (105, 200, 2), (105, 245, 2), (200, 33, 2), (511, 427, 2), (427, 265, 1), (265, 380, 2), (265, 391, 2), (391, 91, 1), (265, 455, 2), (455, 444, 1), (391, 319, 2), (12, 226, 3), (39, 176, 3), (176, 307, 1), (307, 67, 1), (307, 88, 1), (88, 370, 1), (307, 434, 1), (88, 10, 2), (10, 150, 1), (434, 188, 2), (188, 232, 2), (232, 17, 2), (17, 470, 2), (17, 498, 2), (470, 282, 2), (282, 57, 2), (10, 286, 3), (286, 195, 1), (286, 422, 1), (422, 475, 2), (10, 414, 3), (49, 237, 3), (237, 244, 2), (244, 207, 1), (76, 485, 3), (485, 509, 1), (101, 155, 3), (105, 447, 3), (120, 284, 3), (150, 288, 3), (288, 74, 1), (74, 351, 1), (288, 197, 1), (197, 500, 1), (351, 38, 1), (288, 385, 2), (500, 502, 2), (502, 43, 2), (502, 468, 2), (468, 308, 1), (308, 472, 1), (472, 31, 2), (472, 70, 2), (472, 169, 2), (43, 210, 3), (74, 499, 3), (169, 118, 3), (118, 100, 1), (118, 443, 2), (173, 18, 3), (18, 147, 1), (18, 426, 1), (147, 314, 1), (314, 458, 1), (426, 84, 1), (458, 16, 1), (16, 9, 3), (18, 508, 3), (508, 194, 2), (194, 408, 1), (508, 412, 2), (412, 75, 2), (75, 494, 3), (84, 476, 3), (476, 23, 1), (476, 133, 2), (210, 71, 3), (215, 242, 3), (242, 130, 1), (130, 496, 1), (219, 193, 3), (219, 372, 3), (236, 170, 3), (170, 83, 1), (83, 333, 2), (83, 388, 2), (246, 121, 3), (265, 484, 3), (484, 167, 1), (167, 381, 2), (484, 438, 2), (167, 77, 3), (273, 149, 3), (149, 132, 1), (132, 113, 2), (113, 164, 1), (164, 442, 2), (132, 355, 3), (355, 467, 2), (467, 367, 2), (132, 436, 3), (436, 459, 1), (436, 473, 1), (473, 146, 1), (473, 376, 1), (376, 218, 2), (218, 48, 1), (48, 152, 2), (436, 163, 2), (288, 178, 3), (178, 221, 2), (178, 293, 3), (290, 400, 3), (400, 217, 1), (217, 216, 1), (400, 456, 2), (305, 225, 3), (305, 416, 3), (308, 37, 3), (332, 281, 3), (350, 379, 3), (367, 481, 3), (375, 313, 3), (313, 141, 1), (141, 347, 2), (347, 136, 1), (136, 482, 2), (347, 252, 2), (482, 227, 2), (227, 296, 2), (136, 336, 3), (296, 51, 3), (51, 160, 1), (51, 410, 2), (313, 403, 3), (403, 431, 1), (375, 341, 3), (376, 214, 3), (214, 199, 2), (396, 203, 3), (400, 243, 3), (243, 222, 1), (222, 224, 1), (243, 72, 2), (409, 21, 3), (21, 127, 2), (127, 292, 2), (292, 478, 2), (478, 397, 1), (412, 135, 3), (416, 322, 3), (416, 387, 3), (387, 259, 2), (259, 452, 2), (259, 295, 3), (295, 80, 2), (80, 280, 2), (442, 384, 3), (458, 260, 3), (260, 142, 1), (260, 198, 2), (459, 271, 3), (461, 477, 3), (477, 501, 1), (501, 64, 1), (471, 338, 3), (476, 287, 3), (287, 383, 3), (383, 47, 2), (489, 86, 3), (494, 490, 3), (490, 435, 1), (490, 344, 2), (344, 5, 1), (344, 157, 1), (344, 420, 2), (5, 302, 3), (435, 373, 3), (373, 41, 2), (498, 262, 3), (499, 211, 3), (211, 14, 1), (14, 85, 1), (85, 161, 1), (85, 451, 1), (161, 428, 1), (14, 209, 2), (209, 63, 1), (209, 131, 1), (63, 324, 2), (131, 480, 2), (161, 413, 2), (480, 87, 3), (501, 304, 3), (304, 346, 3), (502, 325, 3), (325, 423, 1), (325, 134, 3), (134, 365, 1), (365, 109, 2), (109, 327, 2), (365, 82, 3), (423, 269, 3), (423, 275, 3), (21, 257, 4), (43, 316, 4), (49, 312, 4), (51, 274, 4), (63, 249, 4), (71, 111, 4), (111, 175, 1), (111, 278, 3), (278, 25, 2), (175, 139, 3), (139, 168, 1), (139, 354, 2), (354, 299, 2), (139, 301, 3), (25, 3, 4), (3, 153, 3), (75, 239, 4), (84, 510, 4), (120, 460, 4), (123, 233, 4), (233, 145, 1), (233, 328, 1), (328, 402, 1), (145, 181, 2), (181, 62, 3), (181, 317, 3), (317, 340, 2), (233, 424, 3), (424, 40, 2), (40, 13, 1), (13, 52, 3), (52, 334, 4), (62, 378, 4), (378, 270, 2), (270, 441, 3), (130, 34, 4), (131, 104, 4), (134, 128, 4), (128, 495, 4), (495, 110, 2), (141, 417, 4), (417, 358, 3), (143, 361, 4), (361, 202, 1), (361, 371, 3), (371, 454, 1), (454, 15, 1), (371, 248, 3), (166, 366, 4), (173, 240, 4), (240, 186, 2), (178, 326, 4), (190, 356, 4), (356, 44, 1), (356, 158, 2), (211, 180, 4), (180, 129, 1), (217, 117, 4), (244, 369, 4), (272, 448, 4), (448, 95, 1), (280, 125, 4), (125, 395, 1), (300, 258, 4), (307, 446, 4), (325, 465, 4), (465, 277, 3), (356, 433, 4), (378, 156, 4), (156, 29, 1), (383, 483, 4), (483, 283, 3), (283, 285, 2), (285, 19, 2), (283, 309, 3), (309, 255, 2), (309, 466, 3), (283, 50, 4), (309, 177, 4), (388, 93, 4), (412, 321, 4), (421, 479, 4), (479, 415, 2), (433, 337, 4), (442, 503, 4), (451, 60, 4), (60, 352, 3), (352, 20, 1), (20, 212, 1), (352, 363, 4), (452, 116, 4), (453, 27, 4), (27, 201, 3), (27, 394, 4), (394, 172, 2), (394, 267, 4), (459, 231, 4), (231, 323, 3), (461, 263, 4), (470, 140, 4), (480, 26, 4), (495, 256, 4), (495, 298, 4), (495, 303, 4), (497, 331, 4), (499, 205, 4), (503, 183, 4), (13, 171, 5), (21, 114, 5), (114, 11, 3), (33, 345, 5), (61, 487, 5), (75, 276, 5), (80, 449, 5), (449, 463, 1), (463, 404, 2), (463, 406, 2), (91, 4, 5), (100, 137, 5), (131, 69, 5), (136, 24, 5), (24, 159, 1), (24, 279, 2), (24, 343, 5), (343, 505, 3), (505, 254, 2), (254, 432, 4), (136, 506, 5), (195, 30, 5), (221, 154, 5), (236, 419, 5), (419, 99, 2), (238, 362, 5), (257, 2, 5), (2, 342, 5), (262, 179, 5), (274, 462, 5), (462, 491, 1), (296, 407, 5), (305, 68, 5), (68, 386, 3), (307, 36, 5), (327, 108, 5), (381, 220, 5), (383, 115, 5), (400, 329, 5), (329, 392, 3), (427, 196, 5), (196, 251, 5), (459, 182, 5), (477, 330, 5), (492, 45, 5), (492, 469, 5), (469, 250, 1), (250, 401, 1), (250, 6, 3), (6, 440, 1), (501, 59, 5), (502, 297, 5), (297, 399, 3), (399, 228, 2), (53, 58, 6), (56, 66, 6), (63, 291, 6), (291, 294, 1), (294, 102, 4), (80, 349, 6), (118, 315, 6), (121, 165, 6), (142, 318, 6), (318, 368, 2), (146, 429, 6), (158, 187, 6), (163, 92, 6), (190, 78, 6), (78, 191, 6), (191, 81, 3), (231, 106, 6), (237, 389, 6), (284, 234, 6), (294, 208, 6), (352, 474, 6), (429, 425, 6), (435, 90, 6), (90, 311, 1), (311, 359, 5), (462, 189, 6), (487, 55, 6), (55, 112, 5), (505, 7, 6), (7, 1, 5), (1, 98, 4), (505, 450, 6), (59, 124, 7), (65, 320, 7), (130, 445, 7), (169, 107, 7), (232, 138, 7), (267, 430, 7), (333, 289, 7), (369, 35, 7), (369, 103, 7), (372, 335, 7), (410, 390, 7), (390, 97, 6), (473, 457, 7), (485, 393, 7), (393, 22, 4), (8, 94, 8), (34, 185, 8), (185, 192, 6), (131, 504, 8), (224, 223, 8), (444, 261, 8), (50, 306, 9), (111, 360, 9), (360, 126, 2), (178, 151, 9), (68, 206, 10), (329, 405, 10), (78, 507, 12), (155, 398, 12), (47, 437, 13), (143, 122, 13), (266, 439, 13), (472, 230, 15)]",1529
